admin0_name,description,link_text,link_url
DEFAULT,,,
Angola,"Angola's 2018-2030 national strategies for adapting to climate change with low carbon development and poverty reduction. Particular emphasis is placed on addressing challenges of floods, droughts, soil erosion and rising sea levels.",National Strategy for Climate Change 2018-2030 (ENAC 2018-2030),https://www.fao.org/faolex/results/details/en/c/LEX-FAOC208868/
Angola ,Angola's main document concerning climate change adaptation needs in the agricultural sector,Angola's National Adaptation Programme of Action 2011,https://unfccc.int/resource/docs/napa/ago01.pdf
Angola ,"Adaptation and mitigation strategies for the period of 2020-2025 concerning agriculture, forestry, livestock and fisheries sectors",Nationally Determined Contribution of Angola 2021,https://unfccc.int/sites/default/files/NDC/2022-06/NDC%20Angola.pdf
Benin,"National strategies, programmes, and projects at the institutional level for adaptation and mitigation","Nationally Determined Contribution of Benin, revised submission 2021",https://unfccc.int/sites/default/files/NDC/2022-06/CDN_ACTUALISEE_BENIN2021.pdf
Benin,"A case study of Benin's policy, legal, and institutional framework that mobilized climate finance in its agricultural and food systems sectors",Policy innovations to unlock climate finance for resilient food systems in Benin,https://www.mamopanel.org/resources/climate-finance/reports-and-briefings/benincase-study-adapt-policy-innovations-unlock-c/
Benin,"Range of policies, projects, and programmes at the governmental, non-governmental, producer's organisation, and academic levels ",Innovation Systems for Agriculture and Climate in Benin: an Inventory,https://www.nri.org/images/documents/development-programmes/climate_change/publications/WorkingPaper3Benin.pdf
Botswana,"A range of initiatives and strategic interventions for adaptation and mitigation in priority sectors, including agriculture and food security, with targets for 2020, 2023, 2026 and 2030.",Botswana's National Climate Change Strategy 2018,https://faolex.fao.org/docs/pdf/bot208159.pdf
Botswana,"A range of conservation agriculture strategies for intervention and implementation, with the objectives of increasing average crop yields, reducing production costs, maximizing returns, conserving and enhancing biodiviersity, and enhancing good crop production practices.",The Comprehensive Africa Agriculture Development Programme ex-Pillar 4 (CAADP-XP4) for Botswana,https://www.ccardesa.org/sites/default/files/ickm-documents/Climate%20Smart%20Agriculture%20Initiatives%20in%20Botswana.pdf
Botswana,"A framework for building the country's adaptive capacity and resilience, and facilitate the integration of climate change adaptation into relevant policies,
programmes and activities for specific key sectors, including agriculture.",Botswana's National Adaptation Plan Framework 2020,https://napglobalnetwork.org/wp-content/uploads/2020/06/napgn-en-2020-nap-framework-for-botswana.pdf
Burkina Faso,"One of several CCAFS-led projects to promote food security under a changing climate. This project concerns the establishment of a climate-smart village in Tougou in the Yatenga region. In Tougou, farmers, researchers and local partners test portfolios of climate-smart technologies and practices.",Developing Climate-Smart Village Models in Burkina Faso,https://ccafs.cgiar.org/regions/west-africa/burkina-faso
Burkina Faso,"Burkina Faso is a member of the Climate-Smart Agriculture Alliance launched in June 2015, in Mali, in partnership with ECOWAS and CCAFS. This alliance aims to enhance adaptation and resilience to climate variability and change, while increasing farm productivity and incomes sustainably and equitably, and controlling and reducing greenhouse gas emissions wherever possible and appropriate, at a regional level. ",West African Alliance for Climate-Smart Agriculture,https://ccafs.cgiar.org/news/alliance-climate-smart-agriculture-launched-west-africa#.VmAbYOPJ2ko
Burkina Faso,"A CCAFS initiative of building a network of national stakeholders, including scientists and policy makers, regularly exchanging knowledge on adaptation to climate change.",National science-policy dialogue platform,"https://ccafs.cgiar.org/regions/west-africa/burkina-faso#:~:text=CCAFS%20has%20initiated%20several%20projects,climate%2Dsmart%20technologies%20and%20practices."
Burundi,"National adaptation and mitigation priorities, strategies, policies, plans, objectives and metrics.","Nationally Determined Contribution of Burundi, 2021",https://unfccc.int/sites/default/files/NDC/2022-06/CDN%20%20%20Burundi%20ANNEXE%201.pdf
Burundi,"Joint Government of Burundi-World Bank investment plan to achieve an integrated sustainable landscape management, threatened by climate change and land degradation.",Multi-Sector Investment Plan to Scale Up Resilience ,https://documents.worldbank.org/en/publication/documents-reports/documentdetail/099930006302237433/p17682007885e00780b1cc093a09277df1a
Burundi,Join World Bank-Government of Burundi project with the objective of restoring land productivity in targeted degraded landscapes,Burundi Landscape Restoration and Resilience Project (2018-2024),https://projects.worldbank.org/en/projects-operations/project-detail/P160613
Cameroon,"Ministry of Livestock, Fisheries, and Animal Industries-implemented project contributing to climate smart agriculture livestock outcomes while improving productivity of systems and marketing of products. ",Livestock Development Project (PRODEL),https://blogs.worldbank.org/africacan/adapting-livestock-herding-cameroon-climate-change
Cameroon,A project supporting Cameroon's methane mitigation ambitions in the next NDC update in the livestock and rice sub-sectors with improved emission and emission reduction data.,Enhancing agricultural methane ambition in Cameroon's climate commitments and large-scale investments,"https://www.ccacoalition.org/calls-for-proposals/2023-calls-proposals-projects-advance-national-policy-and-mitigation-actions/cameroon-enhancing-agricultural-methane-ambition-cameroons-climate-commitments-and-large-scale-investments-cm-23-002#:~:text=The%20government%20adopts%20the%20evaluation,relevant%20plans%20and%20strategies%20by"
Cameroon,"National report identifying priorities to address climate risks with a climate resilient agriculture, forestry and land Use system being one of the primary priority sectors.",Cameroon Country Climate and Development Report,https://openknowledge.worldbank.org/entities/publication/d600ba78-86f8-5e3a-a894-217b51253734
Central African Republic,"A 6-year project aiming to increase climate-resilient agriculture, capacity building, policy engagement, knowledge management, climate-resilient rural transportation and water infrastructures. ",Increasing the Adaptation Capacity and Resilience of Rural Communities to Climate Change in the Central African Republic ,https://www.adaptation-fund.org/project/increasing-the-adaptation-capacity-and-resilience-of-rural-communities-to-climate-change-in-the-central-african-republic-2/
Central African Republic,"National priorities and plan for achieving medium- and long-term adaptation targets in key sectors, including agriculture.",National Adaptation Plan of Central African Republic 2022,https://unfccc.int/documents/460795
Central African Republic,"A project with the objective of ensuring ecosystem protection, services and food security through enhanced agro-sylvo-pastoralism and sustainable natural resources management",Lake Chad Basin Regional Programme for the Conservation and Sustainable Use of Natural Resources and Energy Efficiency CAR (the Central African Republic) Child Project: Enhancing Agro-ecological Systems in Northern Prefectures of CAR,https://www.thegef.org/projects-operations/projects/9532
Chad,Innovative national project with the objective of increasing productivity and strengthening climate resiliency of agricultural production systems by promoting the adoption of improved technologies and climate-smart agriculture. ,Project to Strengthen Climate Resilience and Sustainable Productivity (ProPAD),https://documents1.worldbank.org/curated/es/116601590670550783/pdf/Disclosable-Restructuring-Paper-Climate-Resilient-Agriculture-and-Productivity-Enhancement-Project-P162956.pdf
Chad,A strategic document presenting national adaptation priorities alongside sustainable development needs.,National Climate Change Adaptation Plan of Chad,https://unfccc.int/sites/default/files/resource/CHAD-NAP_EN-web.pdf
Chad,A project aiming to strengthen resiliency of vulnerable communities by building adaptive capacity to recurrent drought risks and promoting the sustainable management of oases and associated ecosystems.,"Reversing the degradation trend in the oases of Borkou, Ennedi West and Wadi Fira through strengthening adaptation measures and improving resilience to climate change of vulnerable communities ",https://www.adaptation-fund.org/wp-content/uploads/2023/03/AFB.PPRC_.31.26-Proposal-for-CHAD.pdf
Congo - Brazzaville,"A project targeting individuals dependent on agricultural livelihoods with the aim of reducing vulnerability to the impacts of climate change and strengthening adaptive capacities of vulnerable communities and the ecosystems they depend on, by promoting food security, nutrition and use a gender sensitive approach.",Building adaptive capacity to climate change in vulnerable communities living in the Congo River Basin,https://www.adaptation-fund.org/project/building-adaptive-capacity-to-climate-change-in-vulnerable-communities-living-in-the-congo-river-basin/
Congo - Brazzaville,"A summit in August 2023 of convening 230 actors from across the Congo Basin representing governments, civil society organisations, indigenous and local populations, women’s organisations, young people, the media, religious institutions, cultural institutions, research institutions, pastoralists, fishermen, small-scale farmers and entrepreneurs. The summit was organized in recognition of the potential of agroecology as a fundamental solution for establishing resilient food system, the undeniable role of indigenous peoples and local communities in the conservation and preservation. The gathering identified main challenges, urgent needs, priorities and calls to action. ",Kinshasa Declaration on reconciling food production with biodiversity conservation and climate emergency in the Congo Basin,"https://www.fao.org/family-farming/detail/en/c/1650181/#:~:text=Gathering%20230%20participants%20from%20six,a%20cornerstone%20of%20climate%20resilience."
Congo - Kinshasa,"A review paper providing comprehensive evidence of CSA-associated farming practices in DRC, public and private efforts to promote CSA practices, and the associated benefits accruing from the practices as deployed by farmers in the DRC.",Current Practices and Prospects of Climate-Smart Agriculture in Democratic Republic of Congo: A Review,https://www.mdpi.com/2073-445X/11/10/1850
Congo - Kinshasa,"A summit in August 2023 of convening 230 actors from across the Congo Basin representing governments, civil society organisations, indigenous and local populations, women’s organisations, young people, the media, religious institutions, cultural institutions, research institutions, pastoralists, fishermen, small-scale farmers and entrepreneurs. The summit was organized in recognition of the potential of agroecology as a fundamental solution for establishing resilient food system, the undeniable role of indigenous peoples and local communities in the conservation and preservation. The gathering identified main challenges, urgent needs, priorities and calls to action. ",Kinshasa Declaration on reconciling food production with biodiversity conservation and climate emergency in the Congo Basin,"https://www.fao.org/family-farming/detail/en/c/1650181/#:~:text=Gathering%20230%20participants%20from%20six,a%20cornerstone%20of%20climate%20resilience."
Congo - Kinshasa,"National plan establishing adaptation priorities programmes in key sectors, including integrated agriculture, fishing, livestock farming and rural development. The Plan's aim is to increase resiliency of priority thematic sectors with guidelines to the management of climate risks.",National Adaptation Plan of the Democratic Republic of the Congo 2022-2026,https://unfccc.int/sites/default/files/resource/DRC-NAP_EN.pdf
Côte d’Ivoire,National project with the main objective of strengthening the resilience of smallholder farmers to the effects of climate change through the adoption of proven innovative technologies and practices. ,Strengthen the Resilience of Smallholder Farmers to the Effects of Climate Change through the Adoption of Proven Innovative Technologies and Practices,https://www.adaptation-fund.org/project/strengthen-the-resilience-of-smallholder-farmers-to-the-effects-of-climate-change-through-the-adoption-of-proven-innovative-technologies-and-practices-2/
Côte d’Ivoire,A regional project enhancing adaptive capacity through early warning systems for coastal communities in Cote d'Ivoire and Ghana.,Improved Resilience of Coastal Communities in Côte d’Ivoire and Ghana,https://www.adaptation-fund.org/project/improved-resilience-of-coastal-communities-in-cote-divoire-and-ghana-2/
Côte d’Ivoire,A regional project proposing the Climate-Resilient Rice Production (CRRP) approach which addresses several challenges simultaneously while promoting adaptation to climate threats.,Scaling-up climate-resilient rice production in West Africa,https://www.adaptation-fund.org/project/scaling-up-climate-resilient-rice-production-in-west-africa-benin-burkina-faso-co%cc%82te-divoire-the-gambia-ghana-guinea-liberia-mali-niger-nigeria-senegal-sierra-leone-and-togo/
Djibouti,A project with the aim of improving the climate resilience of vulnerable ecosystems and increasing the adaptive capacity of rural poor to respond to the impacts of climate change in Djibouti.,Integrated Water and Soil Resources Management Project,https://www.adaptation-fund.org/project/integrated-water-and-soil-resources-management-project-projet-de-gestion-integree-des-ressources-en-eau-et-des-sols-progires-2/
Djibouti,"A Ministry of Environment and United Nations Development Programme (UNDP)-led initiative to develop community resilience to projected worsening of drought conditions by developing and maintaining date palm shade gardens, serving as the foundation for a diversified, climate-resilient agricultural and pastoral economy.",Developing Agro-Pastoral Shade Gardens as an Adaptation Strategy for Poor Rural Communities,https://www.adaptation-fund.org/project/developing-agro-pastoral-shade-gardens-as-an-adaptation-strategy-for-poor-rural-communities-in-djibouti/
Djibouti,"A project with the aim of increasing the resilience of smallholder farmers and pastoralists to climate change risks mainly those related to drought, through the establishment of appropriate early warning systems and implementation of drought adaptation actions in the IGAD region.",Strengthening Drought Resilience for Small Holder Farmers and Pastoralists in the IGAD Region ,https://www.adaptation-fund.org/project/djibouti-kenya-sudan-and-uganda-strengthening-drought-resilience-for-small-holder-farmers-and-pastoralists-in-the-igad-region/
Equatorial Guinea,"A summit in August 2023 of convening 230 actors from across the Congo Basin representing governments, civil society organisations, indigenous and local populations, women’s organisations, young people, the media, religious institutions, cultural institutions, research institutions, pastoralists, fishermen, small-scale farmers and entrepreneurs. The summit was organized in recognition of the potential of agroecology as a fundamental solution for establishing resilient food system, the undeniable role of indigenous peoples and local communities in the conservation and preservation. The gathering identified main challenges, urgent needs, priorities and calls to action. ",Kinshasa Declaration on reconciling food production with biodiversity conservation and climate emergency in the Congo Basin,"https://www.fao.org/family-farming/detail/en/c/1650181/#:~:text=Gathering%20230%20participants%20from%20six,a%20cornerstone%20of%20climate%20resilience."
Equatorial Guinea,"A joint Ministry of Agriculture, Livestock, Forests and Environment-FAO project to conserve and enhance forest carbon stocks and promote sustainable livelihoods through community-based sustainable forest and land management.",Promoting Community-Based Forestry for Climate Change Mitigation and Sustainable Livelihoods in Equatorial Guinea,https://www.thegef.org/projects-operations/projects/10034
Equatorial Guinea,"In line with national priorities, this project will strengthen institutional and technical capacities in the Agriculture, Forestry and other Land Use (AFOLU) sector to respond to the enhanced transparency requirements of the Paris Agreement","Enhancing Equatorial Guinea’s institutional and technical capacity in the agriculture, forestry and other land-use sector for enhanced transparency under the Paris Agreement",https://www.thegef.org/projects-operations/projects/10120
Eritrea,A programme with the overall goal of promoting increased food security in Eritrea through ecologically sustainable and climate-resilient improvements in agricultural production. The programme's main objective is to increase community resilience and adaptive capacity to climate change through an integrated water management and agricultural development approach  ,"Climate Change Adaptation Programme In Water and Agriculture In Anseba Region, Eritrea",https://www.adaptation-fund.org/project/climate-change-adaptation-programme-in-water-and-agriculture-in-anseba-region-eritrea/
Eritrea,"A project with the objective of promoting inclusive, sustainable and climate-relevant transformation of the Eritrean dairy value chain to enhance food and nutrition security, reduce poverty, create job opportunities for young people, and promote resilience to climate change while mitigating greenhouse gas emissions.",Climate Smart Agriculture Research and Innovation Support for Dairy Value Chains in Eritrea,https://www.csaride.org/
Eritrea,"This project aims to promote greater food security through ecologically sustainable and climate-resilient improvements in agricultural production. The objective of the programme is to increase community resilience and adaptive capacity to climate change through an integrated water management and agricultural development approach in the sub-regions of Hamelmalo and Habero. Stakeholders include community, civil society and government representatives.","Water and Agriculture Adaptation in Anseba Region, Eritrea",https://www.adaptation-undp.org/projects/af-water-and-agriculture-adaptation-anseba-region-eritrea
Eswatini,"This programme is located across Eswatini, Namibia, Lesotho and South Africa. It is the first private sector climate finance facility in Africa using a pioneering green bank model. It will de-risk and increase the bankability of climate projects in order to crowd in private sector investment. Its successful implementation will replicate similar financial models in other countries.",Development Bank of Southern Africa (DBSA) Climte Finance Facility,https://www.greenclimate.fund/project/fp098#stories
Eswatini,"In collaboration with the Food, Agriculture and Natural Resources Policy Analysis Network (FANRPAN), this programme aims to strengthen agricultural practices which sustainably increase productivity and lead to a climate resilient system while simultaneously removing greenhouse gases.   ",Climate Smart Agriculture pilot program,https://www.gov.sz/images/tourism/2016-CLIMATE-CHANGE-POLICY--BOOKLET-FINAL.pdf
Eswatini,"An EU-funded project working to improve smallholder production and marketing systems that lead to sustainable food security and improvement for rural households. Climate-change related activities include conservation agriculture, strengthening agricultural extension systems and crop diversification/market linkages.  ",Swaziland Agricultural Development Programme (SADP) ,https://www.fao.org/fileadmin/user_upload/oed/docs/1_Swaziland%20Agricultural%20Development%20Programme_2011_ER.pdf
Ethiopia,A range of multi-sectoral national engagements and collaborations that support the development of national Climate-Smart Agriculture plans and their scaling-up,Africa Climate-Smart Agriculture (CSA) Alliance in Ethiopia,https://ccafs.cgiar.org/news/africa-csa-alliance-path-implementation
Ethiopia,"A project with the overall objective of increasing resilience to recurrent droughts in seven agro-ecological landscapes in Ethiopia through an integrated water, agriculture and natural resource management approach.",Climate Smart Integrated Rural Development Project,https://www.adaptation-fund.org/project/climate-smart-integrated-rural-development-project/
Ethiopia,"An initiative with the goal of developing and implementing adaptation strategies and measures that will strengthen the resilience of vulnerable smallholder farmers, agro-pastoralists and pastoralists in the Horn of Africa to climate variability and change. ",Agricultural Climate Resilience Enhancement Initiative (ACREI),https://www.adaptation-fund.org/project/agricultural-climate-resilience-enhancement-initiative-acrei-ethiopia-kenya-uganda/
Gabon,"A summit in August 2023 of convening 230 actors from across the Congo Basin representing governments, civil society organisations, indigenous and local populations, women’s organisations, young people, the media, religious institutions, cultural institutions, research institutions, pastoralists, fishermen, small-scale farmers and entrepreneurs. The summit was organized in recognition of the potential of agroecology as a fundamental solution for establishing resilient food system, the undeniable role of indigenous peoples and local communities in the conservation and preservation. The gathering identified main challenges, urgent needs, priorities and calls to action. ",Kinshasa Declaration on reconciling food production with biodiversity conservation and climate emergency in the Congo Basin,"https://www.fao.org/family-farming/detail/en/c/1650181/#:~:text=Gathering%20230%20participants%20from%20six,a%20cornerstone%20of%20climate%20resilience."
Gabon,"This project aims to decrease the pressure to clear forests for agricultural purposes. The fund will work to reduce emissions and increase the resilience of local communities by financing the transformation of tropical agricultural commodity supply chains from extractive to sustainable practices. The project will achieve this by providing technical assistance and financial support to producers with conditions that necessitate the protection and restoration of existing forests by focusing on supply chains in sectors that drive deforestation such as livestock, palm oil, soy, rubber, cocoa, and forestry. ",&Green Fund: Investing in Inclusive Agriculture and Protecting Forests,https://www.greenclimate.fund/project/fp212
Gambia,A regional project proposing the Climate-Resilient Rice Production (CRRP) approach which addresses several challenges simultaneously while promoting adaptation to climate threats.,Scaling-up climate-resilient rice production in West Africa,https://www.adaptation-fund.org/project/scaling-up-climate-resilient-rice-production-in-west-africa-benin-burkina-faso-co%cc%82te-divoire-the-gambia-ghana-guinea-liberia-mali-niger-nigeria-senegal-sierra-leone-and-togo/
Gambia,A project with the overall goal of enhancing adaptive capacity of rural populations in The Gambia through support to climate-resilient and diversified livelihoods.,Rural Integrated Climate Adaptation and Resilience Building Project (RICAR),https://www.adaptation-fund.org/project/rural-integrated-climate-adaptation-and-resilience-building-project-ricar-2/
Gambia,"The overarching objective is to build climate resilience by restoring and rehabilitating at least 10,000 hectares of forests, protected areas, wildlife areas and farmland, all of which are affected by rising temperatures, erratic rainfall and deforestation.","Large-scale ecosystem-based adaptation in the Gambia: Developing a climate-resilient, natural resource-based economy","https://www.unep.org/topics/climate-action/adaptation/ecosystem-based-adaptation/ecosystem-based-adaptation-gambia-0#:~:text=The%20overarching%20objective%20is%20to,temperatures%2C%20erratic%20rainfall%20and%20deforestation."
Ghana,"One of several CCAFS-led projects to promote food security under a changing climate. This project concerns the establishment of a climate-smart village in Lawra, in the Lawra Jirapa region, where farmers work with researchers and other local partners to test a portfolio of climate-smart technologies and practices. Projects are implemented in an integrated manner in order to realize the triple benefits of climate-smart agriculture: productivity, adaptation and mitigation.",Developing Climate-Smart Village Models in Ghana,https://ccafs.cgiar.org/regions/west-africa/ghana
Ghana,"A national science-policy dialogue platform where a network of national stakeholders, including scientists and policy makers, regularly exchanging knowledge on adaptation to climate change.",National Climate-Smart Agriculture and Food Security Action Plan of Ghana (2016-2020),https://cgspace.cgiar.org/items/c6fb88e1-095a-495b-b89b-358afe81bfdb
Ghana,A regional project enhancing adaptive capacity through early warning systems for coastal communities in Cote d'Ivoire and Ghana.,Improved Resilience of Coastal Communities in Côte d’Ivoire and Ghana,https://www.adaptation-fund.org/project/improved-resilience-of-coastal-communities-in-cote-divoire-and-ghana-2/
Ghana,"Ghana is a member of the Climate-Smart Agriculture Alliance launched in June 2015, in Mali, in partnership with ECOWAS and CCAFS. This alliance aims to enhance adaptation and resilience to climate variability and change, while increasing farm productivity and incomes sustainably and equitably, and controlling and reducing greenhouse gas emissions wherever possible and appropriate, at a regional level. ",West African Alliance for Climate-Smart Agriculture,https://ccafs.cgiar.org/regions/west-africa/ghana
Guinea,A regional project proposing the Climate-Resilient Rice Production (CRRP) approach which addresses several challenges simultaneously while promoting adaptation to climate threats.,Scaling-up climate-resilient rice production in West Africa,https://www.adaptation-fund.org/project/scaling-up-climate-resilient-rice-production-in-west-africa-benin-burkina-faso-co%cc%82te-divoire-the-gambia-ghana-guinea-liberia-mali-niger-nigeria-senegal-sierra-leone-and-togo/
Guinea,"A Guinean government led project, with support from the United Nations Development Programme (UNDP), to increase the climate resilience and adaptive capacity of the most vulnerable communities through the introduction of climate-smart agricultural practices, enhanced access to microcredit, and improved utilisation of climate information.",Strengthening the climate resilience of communities in forested regions,https://www.undp.org/africa/press-releases/guinea-launches-project-aimed-strengthening-climate-resilience-communities-its-forested-region
Guinea,"This programme improves the resilience of populations and ecosystems in the Niger Basin by managing natural resources sustainably, reducing silting and enhancing the population's ability to adapt to climate change. It also includes some mitigation activities, including through forestry and land use.",Programme for integrated development and adaptation to climate change in the Niger Basin,https://www.greenclimate.fund/project/fp092
Guinea-Bissau,Regional programme to build climate-resilient agricultural systems in small West and Central Africa nations by securing water resources for agricultural and domestic usages and  rehabilitating degraded lands to increase the climate resilience of agrarian ecosystems and enhance agricultural productivity. ,West and Central Africa Small Island Developing States ADAPT – Building resilience of agricultural systems to climate change,https://www.adaptation-fund.org/project/west-and-central-africa-small-island-developing-states-adapt-building-resilience-of-agricultural-systems-to-climate-change-cabo-verde-guinea-bissau-sao-tome-and-principe/
Guinea-Bissau,"A project to address key vulnerabilities in agriculture and water resources management, and thus contribute to immediate and longer-term development and resilience needs of extremely vulnerable farmers, with a particular focus on extremely vulnerable groups: women, elderly and children.",Scaling up climate-smart agriculture in East Guinea Bissau,https://www.adaptation-fund.org/project/scaling-climate-smart-agriculture-east-guinea-bissau/
Guinea-Bissau,"This project aims to enhance the climate resilience of livelihoods and food security of the most vulnerable people in Northwest and Northcentral coastal regions of Guinea-Bissau by improving local observation and monitoring systems for water and soil quality, rehabilitating small-scale water management schemes such as rainwater retention systems and irrigations, undertaking functional reforestation of mangroves on 250 hectares of mangrove swamp areas, and strengthening agricultural value chains with microenterprises.",Adaptation of agricultural production systems in Coastal Areas of Northwest Guinea-Bissau,https://www.greenclimate.fund/project/sap025
Kenya,"An initiative with the goal of developing and implementing adaptation strategies and measures that will strengthen the resilience of vulnerable smallholder farmers, agro-pastoralists and pastoralists in the Horn of Africa to climate variability and change. ",Agricultural Climate Resilience Enhancement Initiative (ACREI),https://www.adaptation-fund.org/project/agricultural-climate-resilience-enhancement-initiative-acrei-ethiopia-kenya-uganda/
Kenya,"A project with the aim of increasing the resilience of smallholder farmers and pastoralists to climate change risks mainly those related to drought, through the establishment of appropriate early warning systems and implementation of drought adaptation actions in the IGAD region.",Strengthening Drought Resilience for Small Holder Farmers and Pastoralists in the IGAD Region ,https://www.adaptation-fund.org/project/djibouti-kenya-sudan-and-uganda-strengthening-drought-resilience-for-small-holder-farmers-and-pastoralists-in-the-igad-region/
Kenya,A range of multi-sectoral national engagements and collaborations that support the development of national Climate-Smart Agriculture plans and their scaling-up,Africa Climate-Smart Agriculture (CSA) Alliance in Kenya,https://ccafs.cgiar.org/news/africa-csa-alliance-path-implementation
Lesotho,A project with the main goal of enhancing the adaptive capacity and build the resilience of vulnerable and food insecure households and communities to the impacts of climate change on food security.,Improving adaptive capacity of vulnerable and food-insecure populations in Lesotho,https://www.adaptation-fund.org/project/improving-adaptive-capacity-vulnerable-food-insecure-populations-lesotho-2/
Lesotho,"This programme is located across Eswatini, Namibia, Lesotho and South Africa. It is the first private sector climate finance facility in Africa using a pioneering green bank model. It will de-risk and increase the bankability of climate projects in order to crowd in private sector investment. Its successful implementation will replicate similar financial models in other countries.",Development Bank of Southern Africa (DBSA) Climate Finance Facility,https://www.greenclimate.fund/project/fp098#stories
Lesotho,"A multisectoral national policy, guiding key sectors like water, agriculture, energy, and transport in adaptation and mitigation efforts to foster a climate-resilient, low-carbon national development.",The Lesotho National Climate Change Policy (2017 - 2027),https://faolex.fao.org/docs/pdf/les203460.pdf
Liberia,A project with the objective of reducing the effects of climate change on agricultural activities and farmers in the cocoa and rice cultivation sectors.,Building Climate Resilience in Liberia’s Cocoa and Rice Sectors,https://www.adaptation-fund.org/project/building-climate-resilience-in-liberias-cocoa-and-rice-sectors-2/
Liberia,"This project aims to increase the resilience of Liberia’s population and infrastructure to climate change through (i) improved hydrometeorological service generation and provision, in line with WMO requirements for establishing a functioning National Meteorological and Hydrological Service, (ii) improved risk knowledge and awareness of both Government institutions and communities, and (iii) mechanisms to better prepare and respond to climate hazards through an enabling environment, appropriate legislation, agency coordination as well as implementing an effective impact-based forecasting and forecast-based financing mechanism.",Enhancing Climate Information Systems for Resilient Development in Liberia,https://www.greenclimate.fund/project/sap018
Liberia,A regional project proposing the Climate-Resilient Rice Production (CRRP) approach which addresses several challenges simultaneously while promoting adaptation to climate threats.,Scaling-up climate-resilient rice production in West Africa,https://www.adaptation-fund.org/project/scaling-up-climate-resilient-rice-production-in-west-africa-benin-burkina-faso-co%cc%82te-divoire-the-gambia-ghana-guinea-liberia-mali-niger-nigeria-senegal-sierra-leone-and-togo/
Madagascar,A United Nations Environment Programme (UNEP)-led project aiming to help those in the rice sector increase climate resiliency through increased rice production that will withstand projected climate conditions and increased environmental sustainability and ecological services.,Promoting climate resilience in the rice sector through pilot investments in Alaotra-Mangoro region,https://www.adaptation-fund.org/project/madagascar-promoting-climate-resilience-in-the-rice-sector/
Madagascar,This programme targets the most vulnerable populations of coastal and rural areas in four Indian Ocean SIDS where livelihoods are highly dependent on the region's rich ecosystems and natural resources - whether dominated by agriculture and fishing (as in Comoros and Madagascar) or tourism and the services sector (as in Mauritius and Seychelles). It will develop and implement ecosystem-based adaptation (EbA) activities. It will increase the resilience of both people and ecosystems in these four countries by enabling civil society organisations to support the conservation of critical ecosystems within biodiversity hotspots. ,Ecosystem-based Adaptation in the Indian Ocean,https://www.greenclimate.fund/project/fp135
Madagascar,A range of multi-sectoral national engagements and collaborations that support the development of national Climate-Smart Agriculture plans and their scaling-up,Africa Climate-Smart Agriculture (CSA) Alliance ,https://ccafs.cgiar.org/news/africa-csa-alliance-path-implementation
Malawi,"A project with the overall objective of building capacity to adapt to climate change through farmers associations, cooperatives, enhanced market access, and other sustainable and viable mechanisms for vulnerable and food insecure households to access different strategies and tools under an integrated climate risk management approach and access to market-based opportunities.",Adapting to Climate Change Through Integrated Risk Management Strategies and Enhanced Market Opportunities for Resilient Food Security and Livelihoods,https://www.adaptation-fund.org/project/adapting-to-climate-change-through-integrated-risk-management-strategies-and-enhanced-market-opportunities-for-resilient-food-security-and-livelihoods/
Malawi,"The project will expand the meteorological network, instal automatic weather stations, hydrological monitoring stations, and lake-based weather buoys, as well as increase the capacity to identify risks and forecast impacts. Resulting information will be better disseminated through mobile, ICT, and radio channels targeting vulnerable farming communities, as well as fishing communities around Lake Malawi. Flood modelling for river systems will be improved, increasing warning times from 6 hours and under to 24- 48 hours. The private sector, including telecoms and micro and small enterprises will be engaged.",Scaling up the use of Modernized Climate information and Early Warning Systems in Malawi,https://www.greenclimate.fund/project/fp002
Malawi,A range of multi-sectoral national engagements and collaborations that support the development of national Climate-Smart Agriculture plans and their scaling-up,Africa Climate-Smart Agriculture (CSA) Alliance,https://ccafs.cgiar.org/news/africa-csa-alliance-path-implementation
Mali,"A network of national stakeholders, including scientists and policy makers, regularly exchanging knowledge on adaptation to climate change.","National Platform of Science-Policy Dialogue on Climate Change, Agriculture and Food Security (CASA C-Platform) ",https://cgspace.cgiar.org/items/f8117781-a8b0-44e3-a700-954d30a60e92
Mali,"One of several CCAFS-led projects to promote food security under a changing climate. This project concerns the establishment of a climate-smart village in Cinzana in the Ségou region, where farmers work with researchers and other local partners to test a portfolio of climate-smart technologies and practices. Projects are implemented in an integrated manner in order to realize the triple benefits of climate-smart agriculture: productivity, adaptation and mitigation.",Developing Climate-Smart Village Models in Mali,https://ccafs.cgiar.org/regions/west-africa/mali
Mali,"Mali is a member of the Climate-Smart Agriculture Alliance launched in June 2015, in partnership with ECOWAS and CCAFS. This alliance aims to enhance adaptation and resilience to climate variability and change, while increasing farm productivity and incomes sustainably and equitably, and controlling and reducing greenhouse gas emissions wherever possible and appropriate, at a regional level. ",West African Alliance for Climate-Smart Agriculture,https://ccafs.cgiar.org/regions/west-africa/mali
Mauritania,"A project to improve food security adaptation by assisting the government in improving technical services at the community level to increase village residents' resilience, informed decision-making ability, and adaption plans for livestock, land and water management and the overall use of natural resources.",Enhancing Resilience of Communities to the Adverse Effects of Climate Change on Food Security in Mauritania,https://www.adaptation-fund.org/project/enhancing-resilience-of-communities-to-the-adverse-effects-of-climate-change-on-food-security-in-mauritania/
Mauritania,"A regional programme strengthening and scaling up the resilience and adaptive capacities of smallholder farmers and rural communities of seven least developed countries (LDCs) in the Sahel. It will provide capacity building and institutional development on integrated climate risks management. This includes reducing obstacles to access agricultural insurance for governments and smallholder farmers to enhance resilience building, and strengthening climate weather information services.",The Africa Integrated Climate Risk Management Programme: Building the resilience of smallholder farmers to climate change impacts in 7 Sahelian Countries of the Great Green Wall (GGW),https://www.greenclimate.fund/project/fp162
Mauritania,"A cross-cutting programme (adaptation + mitigation) which enhances access to credit and technical assistance for local farmers, farmers’ organisations, cooperatives and micro and small sized enterprises. This will help them implement climate-resilient and low-emission agriculture and agroforestry. This programme covers 11 countries in the Great Green Wall, in addition to Côte d’Ivoire and Ghana. A major aim of the initiative is to build greater coherence and complementarity of climate action in Africa.","Inclusive Green Financing Initiative (IGREENFIN I): Greening Agricultural Banks & the Financial Sector to Foster Climate Resilient, Low Emission Smallholder Agriculture in the Great Green Wall (GGW) countries - Phase I",https://www.greenclimate.fund/project/fp183
Mozambique,"Focusing on semi-arid areas, this project will adopt a community-based approach to enhance the climate-resilient food security and livelihoods of smallholders. It will enhance adaptation for climate risks in households and communities through a rural resilience approach.",Climate-resilient food security for women and men smallholders in Mozambique through integrated risk management,https://www.greenclimate.fund/project/sap011
Mozambique,"This programme works to reduce or avoid climate change impacts through ecosystem-based adaptation for vulnerable coastal populations by pooling adaptation sub-projects by non-governmental organisation (NGOs) under the Blue Action Fund to improve climate-resilient coastal zone management. The programme will leverage additional co-financing from NGOs, while grant recipients are required to provide 25 percent of the budget of their projects.",Blue Action Fund (BAF): GCF Ecosystem Based Adaptation Programme in the Western Indian Ocean,https://www.greenclimate.fund/project/fp122
Mozambique,"This project aims to reduce the vulnerability of urban and peri-urban communities in the Greater Maputo Region (home to 3 million people) to current and future climate risks by addressing the degradation of ecosystems - and their services - and enhancing the capacity of communities to adapt. The project will do so by strengthening the capacity of municipal and district authorities to plan and implement ecosystem-based adaptation, restore mangrove and riparian ecosystems, promote climate-resilient livelihood, diversify economic activities, and increase the available knowledge and public awareness on the benefits of ecosystem-based adaptation interventions.",Building Resilience in the Coastal Zone through Ecosystem-Based Approaches to Adaptation in the Greater Maputo Area,https://www.unep.org/topics/climate-action/adaptation/ecosystem-based-adaptation/ecosystem-based-adaptation-mozambique
Namibia,"The overall objective of the project is to enhance adaptation capacity and resilience of communities to changing weather patterns, drops/rises in water levels, and increased frequency of extreme weather events, such as droughts and floods.",Resilience building as climate change adaptation in drought-struck South-western African communities,https://www.adaptation-fund.org/project/angola-and-namibia-resilience-building-as-climate-change-adaptation-in-drought-struck-south-western-african-communities/
Namibia,This project uses Ecosystem-based Adaptation (EbA) as cost effective and low risk approach to build climate resilience across eight targeted landscapes in Namibia. The project is based on the premise that biodiversity and ecosystems provide valuable services that increase the climate resilience of local communities.,Building resilience of communities living in landscapes threatened under climate change through an ecosystems-based adaptation approach,https://www.greenclimate.fund/project/sap006
Namibia,This project addresses the impacts of increasing temperature and higher water evaporation on crop production and bush encroachment on land and livestock productivity to reduce vulnerability of smallholder farmers. It increases the efficiency with which rainfall is used to maintain agricultural and rangeland production.,"Improving rangeland and ecosystem management practices of smallholder farmers under conditions of climate change in Sesfontein, Fransfontein, and Warmquelle areas of the Republic of Namibia",https://www.greenclimate.fund/project/sap001
Niger,"One of several CCAFS-led projects to promote food security under a changing climate. This project concerns the establishment of a climate-smart village in Fakara, in the Kollo region, where farmers work with researchers and other local partners to test a portfolio of climate-smart technologies and practices. Projects are implemented in an integrated manner in order to realize the triple benefits of climate-smart agriculture: productivity, adaptation and mitigation",Developing Climate-Smart Village Models in Niger,https://ccafs.cgiar.org/regions/west-africa/niger
Niger,"Niger is a member of the Climate-Smart Agriculture Alliance launched in June 2015, in Mali, in partnership with ECOWAS and CCAFS. This alliance aims to enhance adaptation and resilience to climate variability and change, while increasing farm productivity and incomes sustainably and equitably, and controlling and reducing greenhouse gas emissions wherever possible and appropriate, at a regional level. ",West African Alliance for Climate-Smart Agriculture,https://ccafs.cgiar.org/news/africa-csa-alliance-path-implementation
Niger,"A CCAFS initiative of building a network of national stakeholders, including scientists and policy makers, regularly exchanging knowledge on adaptation to climate change.",National science-policy dialogue platform,https://ccafs.cgiar.org/regions/west-africa/niger
Nigeria,A regional project proposing the Climate-Resilient Rice Production (CRRP) approach which addresses several challenges simultaneously while promoting adaptation to climate threats.,Scaling-up climate-resilient rice production in West Africa,https://www.adaptation-fund.org/project/scaling-up-climate-resilient-rice-production-in-west-africa-benin-burkina-faso-co%cc%82te-divoire-the-gambia-ghana-guinea-liberia-mali-niger-nigeria-senegal-sierra-leone-and-togo/
Nigeria,"The Climate Change bill was signed into law by the President Buhari in November 2021 in order to provide Nigeria with a legal framework for the country to achieve its climate goals, achieve long-term social and economic sustainability, and resilience.. Key points include a Climate Change Fund, risk assessments, and mainstreaming adaptation into sectoral policies.",Nigeria's Climate Change Act,https://climate-laws.org/document/nigeria-s-climate-change-act_5ef7
Nigeria,"The Acumen Resilient Agriculture Fund (ARAF) is a regional fund to improve climate resilience to ensure long-term sustainable increases in agriculture productivity and incomes for smallholder farmers. It shifts the pattern of investment in climate change adaptation activities in Africa from grants to a long-term capital approach, enabling smallholder farmers to respond to climate change more efficiently and effectively. It supports innovative private social entrepreneurs in micro-, small, and medium-sized enterprises (MSMEs) by providing aggregator and digital platform and innovative financial services to smallholder farmers.",Acumen Resilient Agriculture Fund (ARAF),https://www.greenclimate.fund/project/fp078
Rwanda,The overall objective of this regional project is to reduce vulnerability to the negative effects of climate change in the five Lake Victoria Basin countries by building climate resilience.,Adapting to Climate Change in Lake Victoria Basin,https://www.adaptation-fund.org/project/adapting-climate-change-lake-victoria-basin-burundi-kenya-rwanda-tanzania-uganda/
Rwanda,"The objective of the project is to increase the adaptive capacity of natural systems and rural communities to climate change impacts, notably recurring floods, landslides and erosion through an integrated natural resource management and alternative livelihoods programme.",Reducing Vulnerability to Climate Change in North West Rwanda through Community Based Adaptation,https://www.adaptation-fund.org/project/reducing-vulnerability-to-climate-change-in-north-west-rwanda-through-community-based-adaptation/
Rwanda,"A programme to consolidate the sustainable agricultural transformation in Rwanda, by (i) fostering Rwanda’s agricultural transition to socially and environmentally inclusive food systems and (ii) ensuring Rwanda’s environmental and climate sustainability. The project will contribute to Rwanda’s Nationally Determined Contributions objective on climate adaptation.",Transformational climate-smart and inclusive agriculture in Rwanda,https://www.minecofin.gov.rw/news-detail/government-of-rwanda-and-eu-conclude-new-agriculture-cooperation-programme-on-transformational-climate-smart-and-inclusive-agriculture-in-rwanda
Senegal,"One of several CCAFS-led projects to promote food security under a changing climate. This project concerns the establishment of a climate-smart village in Daga Birame in Kaffrine region, where farmers work with researchers and other local partners to test a portfolio of climate-smart technologies and practices. Projects are implemented in an integrated manner in order to realize the triple benefits of climate-smart agriculture: productivity, adaptation and mitigation.",Developing Climate-Smart Village Models in Senegal,https://ccafs.cgiar.org/regions/west-africa/senegal
Senegal,"An initiative of building a network of national stakeholders, including scientists and policy makers, regularly exchanging knowledge on adaptation to climate change.",National science-policy dialogue platform,https://cgspace.cgiar.org/items/d783a838-bae0-45b1-a0d6-33cb51473867
Senegal,"Senegal is a member of the Climate-Smart Agriculture Alliance launched in June 2015, in Mali, in partnership with ECOWAS and CCAFS. This alliance aims to enhance adaptation and resilience to climate variability and change, while increasing farm productivity and incomes sustainably and equitably, and controlling and reducing greenhouse gas emissions wherever possible and appropriate, at a regional level. ",West African Alliance for Climate-Smart Agriculture,https://ccafs.cgiar.org/news/alliance-climate-smart-agriculture-launched-west-africa#.VmAbYOPJ2ko
Sierra Leone,"The overall objective of this additional climate finance for adaptation is to reduce vulnerability and increase adaptive capacity to respond to the impacts of climate change, including variability at local and national levels as well as on natural resources critical for sustaining agricultural production and increasing food security and nutrition of vulnerable poor communities.",Promoting Climate Resilience in the Cocoa and Rice Sectors as an Adaptation Strategy in Sierra Leone,https://www.adaptation-fund.org/project/promoting-climate-resilience-coco-rice-sector-sierra-leone/
Sierra Leone,"This project enhances Sierra Leone’s resilience to natural disasters by establishing an efficient Multi-Hazard Impact-based Forecasting and Early Warning and Early Action System, to train and better equip local climate agencies’ ability to predict and plan for future extreme weather events based on robust climate information. An evidence-based approach will enable decision-makers to adapt better and more efficiently to changing climate patterns and rising sea levels. ",Enhancing Climate Information Systems for Resilient Development in Sierra Leone,https://www.greenclimate.fund/project/sap033
Sierra Leone,A regional project proposing the Climate-Resilient Rice Production (CRRP) approach which addresses several challenges simultaneously while promoting adaptation to climate threats.,Scaling-up climate-resilient rice production in West Africa,https://www.adaptation-fund.org/project/scaling-up-climate-resilient-rice-production-in-west-africa-benin-burkina-faso-co%cc%82te-divoire-the-gambia-ghana-guinea-liberia-mali-niger-nigeria-senegal-sierra-leone-and-togo/
Somalia,"The Somalia’s National Adaptation Plan (NAP) Framework (NAP Framework) (2022) outlines the country's strategy, priorities, and actions for adapting to climate change.",Somalia’s National Adaptation Plan (NAP) Framework,https://www.fao.org/faolex/results/details/en/c/LEX-FAOC217419/
Somalia,"A report outlining ways that policymakers in Somalia can increase access to climate finance and better integrate adaptation, mitigation and disaster risk management in socioeconomic development.",Climate-resilient development for Somalia,https://www.sparc-knowledge.org/publications-resources/climate-resilient-development-somalia
Somalia,"The objective of the project was to enhance resilience and improve adaptive capacity of vulnerable Somali communities and the ecosystems on which they depend to the adverse impacts of climate change. The activities of the project are seen as innovative and have practically enhanced the capacities of government institutions and communities to implement measures of adaptation to climate change, particularly to floods and droughts.",Enhancing Climate Resilience of the Vulnerable Communities and Ecosystems in Somalia,https://sdgs.un.org/partnerships/enhancing-climate-resilience-vulnerable-communities-and-ecosystems-somalia
South Africa,"This project aims to reduce climate vulnerability and increase the resilience and adaptive capacity in rural and peri-urban settlements and small-scale farmers in productive landscapes in the uMgungundlovu District Municipality (UMDM), KwaZulu Natal Province, South Africa, that are threatened by climate variability and change, through an integrated adaptation approach.","Building Resilience in the greater uMngeni Catchment, South Africa",https://www.adaptation-fund.org/project/building-resilience-in-the-greater-umngeni-catchment/
South Africa,The project enhances water use efficiency by establishing and operationalising a national water reuse programme (WRP) that helps address the water scarcity issue by transforming the country’s wastewater system. ,Climate Change Resilience through South Africa’s Water Reuse Programme (“WRP”),https://www.greenclimate.fund/project/fp209
South Africa,"South Africa’s Climate Smart Agriculture Strategic Framework define CSA as an approach that will assist the country in addressing the socio-economic challenges associated with the increasing change in climate. In our view, CSA addresses three key elements: - 1) Adaptation (by enhancing resilience of people, food, and agricultural production systems 2) Mitigation (minimising agricultural greenhouse emissions 3) Safeguarding food security in line with Sustainable Development Goals (SDG).", Climate Smart Agriculture Strategic Framework,https://www.dalrrd.gov.za/images/Docs/climate-smart-agriculture-book.pdf
South Sudan,"A cross-cutting national policy with the overarching objective to communicate to the international community priority activities that will address South Sudan's urgent and immediate needs for adapting to the adverse impacts of climate change. South Sudan's NAPA specifies 5 priority activities (referred to as Priority Adaptation Projects), namely: i) Environment; ii) Water Resources; iii) Agriculture; iv) Disaster Risk Reduction; and v) Policy and Institutional Framework.",Republic of South Sudan's National Adaptation Programme of Actions (NAPA) to Climate Change,https://www.fao.org/faolex/results/details/en/c/LEX-FAOC175399/
South Sudan,"A project putting in place three components to address current and future impacts of climate change in South Sudan: (1) a multi-hazard early warning system, (2) a practical ecosystem-based adaptation process for people in flood affected areas, and (3) setting up a Climate Change Centre at the University of Juba.",Strengthening the Capacity of Government and Communities in South Sudan to Adapt to Climate Change,https://www.thegef.org/projects-operations/projects/9723
South Sudan,"A four-year project designed to increase the resilience of vulnerable communities to the observed and predicted impacts of climate change. This project operationalizes the priorities identified within South Sudan’s National Adaptation Plan (NAP), particularly on agriculture, disaster risk reduction, environment, water resources, policy and institutional frameworks and will implement interventions designed to increase the capacity of the government to drive climate change adaptation interventions; upgrade the national meteorological network and support the production of short-range forecasts and increase the provision of ecosystem goods and services.","Ministry of Environment and Forestry, the United Nations Development Programme (UNDP) and the United Nations Environment Programme (UNEP) joint Memorandum of Understanding",https://www.preventionweb.net/news/undp-unep-south-sudan-govt-sign-usd-9m-project-deal-climate-change
Sudan,"A project with the aim of increasing the resilience of smallholder farmers and pastoralists to climate change risks mainly those related to drought, through the establishment of appropriate early warning systems and implementation of drought adaptation actions in the IGAD region.",Strengthening Drought Resilience for Small Holder Farmers and Pastoralists in the IGAD Region ,https://www.adaptation-fund.org/project/djibouti-kenya-sudan-and-uganda-strengthening-drought-resilience-for-small-holder-farmers-and-pastoralists-in-the-igad-region/
Sudan,A project with the objective to increase the adoption of sustainable land and water management practices in targeted landscapes,Sudan Sustainable Natural Resources Management Project (SSNRMP),https://projects.worldbank.org/en/projects-operations/project-detail/P161304
Sudan,"A project with the overall aim of increasing the resilience of livelihoods and agricultural systems in the White Nile State through ecosystem-based approaches such as rangeland regeneration, afforestation, rainwater harvesting and drought-tolerant agriculture.",Enhancing the resilience of communities living in climate change vulnerable areas of Sudan using EbA approaches,https://www.unep.org/topics/climate-action/adaptation/ecosystem-based-adaptation/ecosystem-based-adaptation-sudan
Tanzania,The overall objective of this regional project is to reduce vulnerability to the negative effects of climate change in the five Lake Victoria Basin countries by building climate resilience.,Adapting to Climate Change in Lake Victoria Basin,https://www.adaptation-fund.org/project/adapting-climate-change-lake-victoria-basin-burundi-kenya-rwanda-tanzania-uganda/
Tanzania,"The objective of proposed SWAHAT project is enhancing resilience and adaptation of semi arid rural communities to climate change-induced impacts of drought, floods and water scarcity through strategic water harvesting technologies that will contribute to improved crops, aquaculture and livestock productivity, reforestation as well as combating emerging crops and livestock pests and diseases.",Strategic Water Harvesting Technologies for Enhancing Resilience to Climate Change in Rural Communities in Semi-Arid Areas of Tanzania (SWAHAT),https://www.adaptation-fund.org/project/strategic-water-harvesting-technologies-for-enhancing-resilience-to-climate-change-in-rural-communities-in-semi-arid-areas-of-tanzania-swahat-2/
Tanzania,A range of multi-sectoral national engagements and collaborations that support the development of national Climate-Smart Agriculture plans and their scaling-up,Africa Climate-Smart Agriculture (CSA) Alliance in Tanzania,https://ccafs.cgiar.org/news/africa-csa-alliance-path-implementation
Togo,"A regional project aiming to reduce the vulnerability of farmers and pastoralists to increase climatic risk, which undermines the level of food security, income generation, and the supporting ecosystem services of poor communities.",Promoting Climate-Smart Agriculture in West Africa,https://www.adaptation-fund.org/project/promoting-climate-smart-agriculture-west-africa-benin-burkina-faso-ghana-niger-togo/
Togo,"Regional project with coordinated and joint measures to improve climate adaptation, primarily concerned with integrated water management, and flood and drought early warning systems.",Integrating Flood and Drought Management and Early Warning for Climate Change Adaptation in the Volta Basin,https://www.adaptation-fund.org/project/integrating-flood-drought-management-early-warning-climate-change-adaptation-volta-basin-benin-burkina-faso-cote-divoire-ghana-mali-togo/
Togo,A regional project proposing the Climate-Resilient Rice Production (CRRP) approach which addresses several challenges simultaneously while promoting adaptation to climate threats.,Scaling-up climate-resilient rice production in West Africa,https://www.adaptation-fund.org/project/scaling-up-climate-resilient-rice-production-in-west-africa-benin-burkina-faso-co%cc%82te-divoire-the-gambia-ghana-guinea-liberia-mali-niger-nigeria-senegal-sierra-leone-and-togo/
Uganda,"An initiative with the goal of developing and implementing adaptation strategies and measures that will strengthen the resilience of vulnerable smallholder farmers, agro-pastoralists and pastoralists in the Horn of Africa to climate variability and change. ",Agricultural Climate Resilience Enhancement Initiative (ACREI),https://www.adaptation-fund.org/project/agricultural-climate-resilience-enhancement-initiative-acrei-ethiopia-kenya-uganda/
Uganda,"A project with the aim of increasing the resilience of smallholder farmers and pastoralists to climate change risks mainly those related to drought, through the establishment of appropriate early warning systems and implementation of drought adaptation actions in the IGAD region.",Strengthening Drought Resilience for Small Holder Farmers and Pastoralists in the IGAD Region ,https://www.adaptation-fund.org/project/djibouti-kenya-sudan-and-uganda-strengthening-drought-resilience-for-small-holder-farmers-and-pastoralists-in-the-igad-region/
Uganda,A range of multi-sectoral national engagements and collaborations that support the development of national Climate-Smart Agriculture plans and their scaling-up,Africa Climate-Smart Agriculture (CSA) Alliance in Uganda,https://ccafs.cgiar.org/news/africa-csa-alliance-path-implementation
Zambia,"A programme promoting agricultural diversification, sustainability, and jobs to help Zambia achieve its potential as an agricultural powerhouse for Africa in the face of climate change.",Zambia Growth Opportunity Performance for Results Program (ZAMGRO),https://gca.org/scaling-up-climate-adaptation-solutions-for-zambias-smallholder-farmers/
Zambia,"A project to increase the climate resilience of smallholder farmers in agro-ecological regions through a value-chain approach to achieve increased access to climate information services, support for climate-resilient agricultural inputs and practices, sustainable water management, and alternative livelihoods.",Strengthening Climate Resilience of Agricultural Livelihoods in Agro-ecological Regions I and II (SCRALA),https://www.greenclimate.fund/project/fp072
Zambia,A range of multi-sectoral national engagements and collaborations that support the development of national Climate-Smart Agriculture plans and their scaling-up,Africa Climate-Smart Agriculture (CSA) Alliance in Zambia,https://ccafs.cgiar.org/news/africa-csa-alliance-path-implementation
Zimbabwe,A project aiming to increase local communities’ adaptive capacity and resilience to climate change through sustainable groundwater utilisation for food security and other productive uses in rural areas of Zimbabwe. ,Strengthening Local Communities’ Adaptive Capacity and Resilience to Climate Change through Sustainable Groundwater Utilisation in Zimbabwe,https://www.adaptation-fund.org/project/strengthening-local-communities-adaptive-capacity-and-resilience-to-climate-change-through-sustainable-groundwater-exploitation-in-zimbabwe-2/
Zimbabwe,A report with the overall objective to influence the adoption of agroecology as a viable adaptation and mitigation solution to climate change through a coordinated national campaign programme. ,Zimbabwe National Climate Policy Report: A Scoping Study for a National Campaign on Agroecology for Climate Action,https://afsafrica.org/wp-content/uploads/2021/10/ncps-cli.-report-zimbabwe.pdf
Zimbabwe,"Zimbabwe’s Low Emissions Development Strategy (2020-50) presents emissions reduction options across the four Intergovernmental Panel on Climate Change (IPCC) reporting sectors namely the Energy Sector, Industrial Processes and Product Use (IPPU), Waste Sector and the broad Agriculture, Forestry and other Land Uses (AFOLU), covering the whole economy",Zimbabwe Long-term Low Greenhouse Gas Emission Development Strategy ,https://unfccc.int/sites/default/files/resource/Zimbabwe%20LEDS_08Nov2022.pdf